insert into photo_contest_db.roles (role_id, role_type)
values  (1, 'Photo Junkie'),
        (2, 'Organizer');

insert into photo_contest_db.categories (category_id, category_type)
values  (7, 'Animals'),
        (3, 'Birds'),
        (10, 'Buildings'),
        (1, 'Cats'),
        (11, 'Cities'),
        (2, 'Dogs'),
        (8, 'Flowers'),
        (4, 'Houses'),
        (9, 'Nature'),
        (5, 'Sunrise'),
        (6, 'Sunset');

insert into photo_contest_db.users (user_id, username, first_name, last_name, password, is_active)
values  (1, 'ivo1234', 'Ivaylo', 'Kapitanski', '$2a$10$3KNmIxEObyCCwmuQZHFk1.Zwija9oSkDGZgAH.kYn0gYfO.dFCc4C', 1),
        (2, 'vladi123', 'Vladimir', 'Seleznyov', '$2a$10$Go7wyr8gN7QBEWBo3zER6u88DjTIVBiB0erMwTmd1egg3sgnP9AcO', 1),
        (3, 'elvis123', 'Elvis', 'Presley', '$2a$10$ZSBblw2cAqmaqxoBuoLzKOrIVQnLPpscH6Qe.qCqStQLKgPvYNc4O', 1),
        (4, 'john123', 'John', 'Lennon', '$2a$10$ERfvfwCFi5XR6TX3zwo/YejYztQaL112fEsX245imbbNwsMlyuTDe', 1),
        (5, 'stevie123', 'Stevie', 'Wonder', '$2a$10$Gq4qnHo5JJ2xNBrJ4lNJ/O0n/5wIUWI3rJbsIk8wTTJe106q4hyHW', 1),
        (6, 'paul123', 'Paul', 'McCartney', '$2a$10$9IPvGDk/o7t0VcPYzavkjewJcZk/MRYC6xDCcoDLAKkHtLnQqhsla', 1),
        (7, 'mick123', 'Mick', 'Jagger', '$2a$10$bj0LwMIAvV/g3EVJyCA0.OBDiTgQojxZMm1eEx.4Af4uTJtfW/pbK', 1),
        (8, 'tina123', 'Tina', 'Turner', '$2a$10$5tApuW/nhfFBKdT9vmubGeSqekTUrgWMautZtt6pWQrari05IN4fu', 1),
        (9, 'freddie123', 'Freddie', 'Mercury', '$2a$10$bMxkpw5iXflcmWrt8/abMuMREflJcoEDhr0fCThLDLeWYoSuVifEi', 1),
        (10, 'bob123', 'Bob', 'Marley', '$2a$10$mLWRtGbOF/9UeHPgD8L5Muo8FhyQjkwhijPpE6774mEh6ML10d1sG', 1),
        (11, 'johnny123', 'Johnny', 'Cash', '$2a$10$mXyiEr1lpVPfQeExY/LuTugZ1QUeTJ.e2o044GbUUdzI/SapreSGe', 1),
        (12, 'david123', 'David', 'Bowie', '$2a$10$ElWCr1CJJaBrQzIiGSdw9.Vf2x7RA2VLKBZxP8EiYr/r9bXP9b7i2', 1),
        (13, 'whitney123', 'Whitney', 'Houston', '$2a$10$gtmrW3iHCWudpFXusBAdmObg/tn87x3oTGasv463SRnBVr4P/EjsC', 1),
        (14, 'elton123', 'Elton', 'John', '$2a$10$qWJH8MSLSnejMulBGRQomulmaJ.8KN5AmXPQxN4MM4dc85RqHInki', 1),
        (15, 'kurt123', 'Kurt', 'Cobain', '$2a$10$of5BJnGHS5QRyMGcI.7Ksus4GVV.eYuQE1B6mFIr68jNNfpomgBme', 1),
        (16, 'orhan123', 'Orhan', 'Murad', '$2a$10$rJjyKEDuyxfQNjXhpot4u.zEf52lbzQ5HjwWrJfIMnLpbG9IlQ0XW', 1),
        (17, 'ray123', 'Ray', 'Charles', '$2a$10$bL.z3y2XTU80VofQBN7iEelfSsSLJQlDsPW58yfVARaK1sSdzuNcy', 1),
        (18, 'andrea123', 'Andrea', 'Bocelli', '$2a$10$mtgmNwHK3j/BOoavWWDQ7.9cK.YwhKf5rcUF4tS47UK3cus.V3Ppa', 1);

insert into photo_contest_db.user_score (id, user_id, score_total)
values  (1, 1, 0),
        (2, 2, 0),
        (3, 3, 156),
        (4, 4, 200),
        (5, 5, 61),
        (6, 6, 0),
        (7, 7, 0),
        (8, 8, 0),
        (9, 9, 0),
        (10, 10, 0),
        (11, 11, 0),
        (12, 12, 0),
        (13, 13, 0),
        (14, 14, 0),
        (15, 15, 0),
        (16, 16, 112),
        (17, 17, 101),
        (18, 18, 0);

insert into photo_contest_db.user_roles (user_id, role_id)
values  (1, 1),
        (2, 1),
        (3, 1),
        (4, 1),
        (5, 1),
        (6, 1),
        (7, 1),
        (8, 1),
        (9, 1),
        (10, 1),
        (11, 1),
        (12, 1),
        (13, 1),
        (14, 1),
        (15, 1),
        (1, 2),
        (2, 2),
        (16, 1),
        (17, 1),
        (18, 1);

insert into photo_contest_db.photos (photo_id, source, user_id, is_contest_photo, title)
values  (1, '28a7ec2d-99e7-4b8b-932e-7ce0aca0bfde-Culture-Grumpy-Cat-487386121.jpg', 1, 1, 'grumpy cat'),
        (2, 'b17209a8-c5a2-4c80-ad00-9bc11417faf2-1800x1200_dog_cool_summer_other.jpg', 1, 1, 'cute dog pic'),
        (3, '1f4acaa5-b1ed-4ce5-a964-3eb9d7d988b0-_112548572_gettyimages-492611032-1.jpg', 1, 1, 'lion pic'),
        (4, '5ffb8a50-ac55-4ace-b5b4-97d7bbfe89bb-marguerite-729510__340.jpg', 1, 1, 'pretty flower'),
        (5, '6fec4ee4-af65-4b02-b962-42f401c1e0c8-Thinking-of-getting-a-cat.png', 16, 1, 'my little kitten'),
        (6, '758dda7a-7216-447c-b2d8-78b6bfa89d62-322868_1100-800x825.jpg', 16, 1, 'my cute dog'),
        (7, 'ebdcdc73-4206-410f-9a14-981098784245-Turtle.jpg', 16, 1, 'my turtle'),
        (8, '7ea26196-1014-4bfc-b1a8-245b590e522f-cat1.jpg', 5, 1, 'cat1.jpg'),
        (9, 'b1fc0f01-2df1-4ae3-a46f-f3d0089d650f-dog1.jpg', 5, 1, 'dog1.jpg'),
        (10, '27671fc0-bafe-49e4-ab1c-068d98830c6b-animal1.jpg', 5, 1, 'animal1.jpg'),
        (11, '8dd8b916-3ab7-43a3-b1a1-aa250b92c6f4-flower1.jpg', 5, 1, 'flower1.jpg'),
        (12, '9d17e68d-d677-443d-80e2-d04d65371750-cat2.jpg', 17, 1, 'cat2.jpg'),
        (13, '1b308b15-58d1-4d0d-b614-63b349afceef-dog2.jpg', 17, 1, 'dog2.jpg'),
        (14, '7c00fb03-b06b-4abc-b8d1-48b09053bf8a-animal2.jpg', 17, 1, 'animal2.jpg'),
        (15, 'fd80f733-72f8-4e5b-8948-0cc1085c8724-flower2.jpg', 17, 1, 'flower2.jpg'),
        (16, 'c8c9e8dd-bbc6-41bb-b90f-049bc69a5c0b-city1.jpg', 1, 1, 'city1.jpg'),
        (17, '64e3806b-8df6-44f2-90dd-00a541006acd-sunrise2.jpg', 1, 1, 'sunrise2.jpg'),
        (18, '7bc6dda8-44d4-4825-b12e-6aedd9b9508e-animal13.jpg', 1, 1, 'animal13.jpg'),
        (19, 'c4a17dba-6f70-4eb4-8541-9e5a137cbb5e-city2.jpg', 8, 1, 'city2.jpg'),
        (20, 'e5a96704-7763-483e-b5e1-dab41df4f5af-building1.jpg', 1, 1, 'building1.jpg'),
        (21, '0c8b5fd1-ead9-4af3-869d-d057e268b7cd-building2.jpg', 4, 1, 'building2.jpg'),
        (22, 'be432326-1ff1-443c-a77f-2b3008f8bdb1-building3.jpg', 5, 1, 'building3.jpg'),
        (23, 'e4b5da14-96b2-435b-90fa-6d3162cd62ab-animal12.jpg', 18, 1, 'animal12.jpg');

insert into photo_contest_db.contests (contest_id, title, is_open, category_id, phase_I_time, phase_II_time, cover_photo_id, is_finished)
values  (1, 'Best Cat Pic', 1, 1, '2021-04-17 20:32:11', '2021-04-18 10:32:11', 1, 1),
        (2, 'Best Dog Pic', 1, 2, '2021-04-20 20:34:43', '2021-04-26 15:34:43', 2, 0),
        (3, 'Best animal pic', 1, 7, '2021-04-17 20:38:36', '2021-04-17 23:38:36', 3, 1),
        (4, 'Pretties flower pic', 1, 8, '2021-04-17 20:40:38', '2021-04-18 14:40:38', 4, 1),
        (5, 'Best city photo', 1, 11, '2021-04-24 19:19:56', '2021-04-25 05:19:56', 16, 0),
        (6, 'Best sunrise photo', 1, 5, '2021-04-26 19:21:41', '2021-04-27 06:21:41', 17, 0),
        (7, 'Best animal photo 2', 0, 7, '2021-04-28 19:23:32', '2021-04-29 09:23:32', 18, 0),
        (8, 'Best building photo-closed', 0, 10, '2021-04-20 19:34:33', '2021-04-26 01:34:33', 20, 0);

insert into photo_contest_db.contest_entry (entry_id, user_id, title, story, photo_id, contest_id)
values  (1, 16, 'Cat contest entry by Orhan', 'This is my little cat. I like it very much. Hope you enjoy!', 5, 1),
        (2, 16, 'Dog contest entry by Orhan', 'This is my neighbor''s dog. It is very cute. I hope i win this contest!', 6, 2),
        (3, 16, 'Animals contest entry by Orhan', 'I found this little guy in my garden. Isn''t he cute! i hope i win this contest!', 7, 3),
        (4, 5, 'Cat entry by Stevie', 'This is my entry for the best cat pic contest', 8, 1),
        (5, 5, 'Dog pic by Stevie', 'This is my entry for the best dog pic contest.', 9, 2),
        (6, 5, 'Animal contest entry by Stevie', 'This is my favourite lion pic!', 10, 3),
        (7, 5, 'Flower pic contest entry by Stevie', 'This was a nice flower. Hope you like it!', 11, 4),
        (8, 17, 'Cat pic-by Ray', 'In my view-the best cat pic EVAH!', 12, 1),
        (9, 17, 'dog pic by Ray', 'This doggo looked good. Hope he wins!', 13, 2),
        (10, 17, 'Animal contest entry by Ray', 'One of my favourites. Hope you like it!', 14, 3),
        (11, 17, 'Nice flower i saw-by Ray', 'I haven''t seen a more beautiful flower. Ever!', 15, 4),
        (12, 8, 'My city photo entry-by Tina', 'It was a rainy day. I was lonely. But the photo is nice.', 19, 5),
        (13, 4, 'Best building contest entry-by John', 'This photo turned out to be very nice. Hope you like it!', 21, 8),
        (14, 5, 'Best building pic-by Stevie', 'This should win the contest! I am not modest. It is great!', 22, 8),
        (15, 18, 'My favourite animal-by Andrea', 'This is my favorite animal photo in my collection so far!', 23, 7);

insert into photo_contest_db.contests_jury (contest_id, user_id)
values  (1, 2),
        (1, 1),
        (2, 2),
        (2, 1),
        (3, 2),
        (3, 1),
        (4, 2),
        (4, 1),
        (5, 1),
        (5, 2),
        (6, 2),
        (6, 1),
        (7, 1),
        (7, 2),
        (7, 3),
        (8, 1),
        (8, 2),
        (8, 3);

insert into photo_contest_db.invited_junkies (contest_id, user_id)
values  (7, 16),
        (7, 13),
        (7, 15),
        (7, 18),
        (8, 4),
        (8, 5);

insert into photo_contest_db.reviews (review_id, comment, score, entry_id, created_by)
values  (1, 'LOVED IT', 10, 2, 1),
        (2, 'Very cute puppy!', 8, 5, 1),
        (3, 'Love how it runs!', 9, 9, 1),
        (4, 'Look at those eyes! very cute!', 10, 1, 1),
        (5, 'Little miss grumpy...', 5, 4, 1),
        (6, 'Epic cat. I dare not give it less!', 7, 8, 1),
        (7, 'Love the lion. So nice!', 10, 10, 1),
        (8, 'Not a fan. but it is cute!', 3, 3, 1),
        (9, 'Look at its fluffy tail!!!!', 5, 6, 1),
        (10, 'Very well done. 10 out of 10!', 10, 1, 2),
        (11, 'I like it. Careful with the lighting next time.', 5, 4, 2),
        (12, 'Rawr! Angry beast. Good start though!', 2, 8, 2),
        (13, 'Good turtle pic! Very nice.', 4, 3, 2),
        (14, 'Very cute and fluffy! Nice job.', 7, 6, 2),
        (15, 'This one takes the cake!', 10, 10, 2);